t_start,t_end,mean_move_body,mean_move_ema,pause_fraction,micro_pause_count,micro_pause_time_s
11.4,41.4,0.016131303804158642,0.01641073258084634,0.8822055137844611,5,20.66666666666667
