t_start,t_end,mean_move_body,mean_move_ema,pause_fraction,micro_pause_count,micro_pause_time_s
3.2,33.2,0.010420575617916055,0.010473848620886007,0.9755555555555555,2,27.933333333333334
