t_start,t_end,mean_move_body,mean_move_ema,pause_fraction,micro_pause_count,micro_pause_time_s
5.2,35.2,0.011548925708177397,0.011594820050130553,0.9755555555555555,3,27.866666666666664
